"id","created_by","approved_by","logo_url","name","description","value","last_updated","updated_by","created_at","field","is_approved","is_active","is_archived","email","line","twitter","whatsapp","instagram","website","location"
"1065cf60-39be-4d49-9f56-605718a05684",NgNDTSxKEeV4nzODnak4iOGp6pu1,NgNDTSxKEeV4nzODnak4iOGp6pu1,,Info Event Kampus ,Lorem ipsum dolor sit amet,Lorem ipsum dolor sit amet,2023-12-19 01:32:49.619,NgNDTSxKEeV4nzODnak4iOGp6pu1,2023-12-19 01:32:49.619,Media Online,true,true,false,"","","","81515821377",eventkampus.co,"",
"6b0b5bf3-16f4-4405-b0ae-4313228ee31f",OFt6HkGGNcfL1TXYmOxbHr01cxT2,OFt6HkGGNcfL1TXYmOxbHr01cxT2,,Acarakampus.com,Lorem ipsum dolor sit amet,Lorem ipsum dolor sit amet,2023-12-19 01:32:49.619,OFt6HkGGNcfL1TXYmOxbHr01cxT2,2023-12-19 01:32:49.619,Media Online,true,true,false,"","","","85290462310",acarakampus.official,biolinky.co/acarakampusofficial,
c2a2b772-6696-476e-b230-7eda70a1d453,gb6V5uGeZSSrGwWlpKS1d6BXv242,gb6V5uGeZSSrGwWlpKS1d6BXv242,,Share Event,Lorem ipsum dolor sit amet,Lorem ipsum dolor sit amet,2023-12-19 01:32:49.619,gb6V5uGeZSSrGwWlpKS1d6BXv242,2023-12-19 01:32:49.619,Media Online,true,true,false,share.event2016@gmail.com,"",ShareEvent_,"89632800464",share_event,"",
f25189ef-97b4-40de-bd7f-d3e7f02f69e9,OFt6HkGGNcfL1TXYmOxbHr01cxT2,OFt6HkGGNcfL1TXYmOxbHr01cxT2,,Seputar Event,Lorem ipsum dolor sit amet,Lorem ipsum dolor sit amet,2023-12-19 01:32:49.619,OFt6HkGGNcfL1TXYmOxbHr01cxT2,2023-12-19 01:32:49.619,Media Online,true,true,false,Media Cetak@seputarevent.com,"",SeputarEvent,"88289726272",seputarevent,www.seputarevent.com,
"9a5af855-0e8a-418d-97db-0d41235f985d",gb6V5uGeZSSrGwWlpKS1d6BXv242,gb6V5uGeZSSrGwWlpKS1d6BXv242,,Seputar Kuliah,Lorem ipsum dolor sit amet,Lorem ipsum dolor sit amet,2023-12-19 01:32:49.619,gb6V5uGeZSSrGwWlpKS1d6BXv242,2023-12-19 01:32:49.619,Media Online,true,true,false,official@seputarkuliah.com,"","","81316312993",seputarkuliah,seputarkuliah.com,
"39347419-d2e1-46ce-ae60-bb9f7c6f4ee1",y4TOqSFLXtacjUX7MMsxH8XT0D03,y4TOqSFLXtacjUX7MMsxH8XT0D03,,Info Event Mahasiswa Indonesia,Lorem ipsum dolor sit amet,Lorem ipsum dolor sit amet,2023-12-19 01:32:49.619,y4TOqSFLXtacjUX7MMsxH8XT0D03,2023-12-19 01:32:49.619,Media Online,true,true,false,infomahasiswaindo@gmail.com,"","","82140593360",infomahasiswaindonesia,"",
"8a59b50c-8dea-4cc2-a950-80a8ccde9393",JM0ACCkdDldG95EFbDG6r8hTM8q2,JM0ACCkdDldG95EFbDG6r8hTM8q2,,Media Event,Lorem ipsum dolor sit amet,Lorem ipsum dolor sit amet,2023-12-19 01:32:49.619,JM0ACCkdDldG95EFbDG6r8hTM8q2,2023-12-19 01:32:49.619,Media Online,true,true,false,media_event@yahoo.com,"",mediaevent__,"83119577738",mediaevent_,bit.ly/Mediaevent_,
b5f985b6-0583-4104-ac42-e6c2966d7d98,gb6V5uGeZSSrGwWlpKS1d6BXv242,gb6V5uGeZSSrGwWlpKS1d6BXv242,,Mahasiswa Indonesia,Lorem ipsum dolor sit amet,Lorem ipsum dolor sit amet,2023-12-19 01:32:49.619,gb6V5uGeZSSrGwWlpKS1d6BXv242,2023-12-19 01:32:49.619,Media Online,true,true,false,mahasiswaid010@gmail.com,"","","81287376646",mahasiswa.id,"",
"73331035-b2f1-4636-aec7-538924aaaf61",NgNDTSxKEeV4nzODnak4iOGp6pu1,NgNDTSxKEeV4nzODnak4iOGp6pu1,,Mading Event,Lorem ipsum dolor sit amet,Lorem ipsum dolor sit amet,2023-12-19 01:32:49.619,NgNDTSxKEeV4nzODnak4iOGp6pu1,2023-12-19 01:32:49.619,Media Online,true,true,false,via ig,"","","",madingevent.id,"",
"1eca0bde-4a8f-4c83-8f2c-00fdf3afa085",y4TOqSFLXtacjUX7MMsxH8XT0D03,y4TOqSFLXtacjUX7MMsxH8XT0D03,,Rajanya Event,Lorem ipsum dolor sit amet,Lorem ipsum dolor sit amet,2023-12-19 01:32:49.619,y4TOqSFLXtacjUX7MMsxH8XT0D03,2023-12-19 01:32:49.619,Media Online,true,true,false,rajanyaevent@gmail.com,gsm7239d,RajanyaEvent,"85718748015",rajanyaevent,www.rajanyaevent.com,
f07381a9-ef42-4fe2-8708-0097fc7996ad,OFt6HkGGNcfL1TXYmOxbHr01cxT2,OFt6HkGGNcfL1TXYmOxbHr01cxT2,,Event Banget,Lorem ipsum dolor sit amet,Lorem ipsum dolor sit amet,2023-12-19 01:32:49.619,OFt6HkGGNcfL1TXYmOxbHr01cxT2,2023-12-19 01:32:49.619,Media Online,true,true,false,"","","","","","",
"108d4d57-94ec-4719-881b-c57c83c5f472",y4TOqSFLXtacjUX7MMsxH8XT0D03,y4TOqSFLXtacjUX7MMsxH8XT0D03,,Info Event,Lorem ipsum dolor sit amet,Lorem ipsum dolor sit amet,2023-12-19 01:32:49.619,y4TOqSFLXtacjUX7MMsxH8XT0D03,2023-12-19 01:32:49.619,Media Online,true,true,false,infoeventofficial1@gmail.com,"","","83832636642",info.event_,"",
fb47ef4b-e90c-4323-b914-9b8f7203a831,gb6V5uGeZSSrGwWlpKS1d6BXv242,gb6V5uGeZSSrGwWlpKS1d6BXv242,,Good News From Indonesia,Lorem ipsum dolor sit amet,Lorem ipsum dolor sit amet,2023-12-19 01:32:49.619,gb6V5uGeZSSrGwWlpKS1d6BXv242,2023-12-19 01:32:49.619,Media Online,true,true,false,gnfi@goodnews.id / partner.goodnews.id,"",GNFI,"318275316",gnfi,Kerja Sama Media GNFI | Beranda (goodnews.id),
dfdf2dac-061b-4c06-9e66-1bf7481365e2,gb6V5uGeZSSrGwWlpKS1d6BXv242,gb6V5uGeZSSrGwWlpKS1d6BXv242,,Boulevard ITB,Lorem ipsum dolor sit amet,Lorem ipsum dolor sit amet,2023-12-19 01:32:49.619,gb6V5uGeZSSrGwWlpKS1d6BXv242,2023-12-19 01:32:49.619,Media Kampus,true,true,false,boulevarditb@gmail.com,"",boulevarditb,"",boulevarditb,linktr.ee/boulevarditb,
fd5611ee-0ac8-4c12-8be1-fdcc6e51e593,OFt6HkGGNcfL1TXYmOxbHr01cxT2,OFt6HkGGNcfL1TXYmOxbHr01cxT2,,Events Ina,Lorem ipsum dolor sit amet,Lorem ipsum dolor sit amet,2023-12-19 01:32:49.619,OFt6HkGGNcfL1TXYmOxbHr01cxT2,2023-12-19 01:32:49.619,Media Online,true,true,false,"","","","",events.ina,"",
c2ea710d-940b-4619-949f-b0ed62afc304,DF0qe2AVtHbSuI4GSNq5BS5kVi63,DF0qe2AVtHbSuI4GSNq5BS5kVi63,,Ruang Mahasiswa,Lorem ipsum dolor sit amet,Lorem ipsum dolor sit amet,2023-12-19 01:32:49.619,DF0qe2AVtHbSuI4GSNq5BS5kVi63,2023-12-19 01:32:49.619,Media Online,true,true,false,ruangmahasiswa@gmail.com / mediapartner.rm@gmail.com,"",event.ruangmahasiswa,"88261206602",ruangmahasiswa,https://ruangmahasiswa.com/media-partner/ ,
"118f9c15-f664-4425-8e4f-12cee4fb576c",JM0ACCkdDldG95EFbDG6r8hTM8q2,JM0ACCkdDldG95EFbDG6r8hTM8q2,,Olimpiade Update,Lorem ipsum dolor sit amet,Lorem ipsum dolor sit amet,2023-12-19 01:32:49.619,JM0ACCkdDldG95EFbDG6r8hTM8q2,2023-12-19 01:32:49.619,Media Online,true,true,false,olimpiadeupdate@gmail.com,hmr2866y,"","81775430077",olimpiade_update,olimpiade-update.com,
"1ac91de0-f91f-40b1-9e8d-e075b633f541",OFt6HkGGNcfL1TXYmOxbHr01cxT2,OFt6HkGGNcfL1TXYmOxbHr01cxT2,,Event Mahasiswa 8,Lorem ipsum dolor sit amet,Lorem ipsum dolor sit amet,2023-12-19 01:32:49.619,OFt6HkGGNcfL1TXYmOxbHr01cxT2,2023-12-19 01:32:49.619,Media Online,true,true,false,eventmahasiswa8@gmail.com,irb8344x,"","8.958E+11",eventmahasiswa,"",
"950dca1d-c5d0-4b49-adda-e546dd8fd2c7",JM0ACCkdDldG95EFbDG6r8hTM8q2,JM0ACCkdDldG95EFbDG6r8hTM8q2,,Event Campus,Lorem ipsum dolor sit amet,Lorem ipsum dolor sit amet,2023-12-19 01:32:49.619,JM0ACCkdDldG95EFbDG6r8hTM8q2,2023-12-19 01:32:49.619,Media Online,true,true,false,"","","","85161441197",eventcampus,"",
"5466d296-1a74-4101-bcb0-5d11df5487a8",NgNDTSxKEeV4nzODnak4iOGp6pu1,NgNDTSxKEeV4nzODnak4iOGp6pu1,,event apa aja,Lorem ipsum dolor sit amet,Lorem ipsum dolor sit amet,2023-12-19 01:32:49.619,NgNDTSxKEeV4nzODnak4iOGp6pu1,2023-12-19 01:32:49.619,Media Online,true,true,false,eventapaaja@gmail.com,"","","83878724611",eventapaaja,https://eventapaaja.com/id/kerja-sama,
"945f04b7-e2a5-4709-b548-bde9f0babda1",y4TOqSFLXtacjUX7MMsxH8XT0D03,y4TOqSFLXtacjUX7MMsxH8XT0D03,,Bandung Creative Media,Lorem ipsum dolor sit amet,Lorem ipsum dolor sit amet,2023-12-19 01:32:49.619,y4TOqSFLXtacjUX7MMsxH8XT0D03,2023-12-19 01:32:49.619,Media Online,true,true,false,bdgcreativemedia@gmail.com,"","","89657723140",bdgcreativemedia,"",
de090cd7-0a32-4a62-a782-6cc5a7119806,OFt6HkGGNcfL1TXYmOxbHr01cxT2,OFt6HkGGNcfL1TXYmOxbHr01cxT2,,Event News,Lorem ipsum dolor sit amet,Lorem ipsum dolor sit amet,2023-12-19 01:32:49.619,OFt6HkGGNcfL1TXYmOxbHr01cxT2,2023-12-19 01:32:49.619,Media Online,true,true,false,eventnews.mediapartner@gmail.com,"","","85773546902",eventnews_id,"",
bd224d0d-f249-4619-9db7-3134c50c3838,y4TOqSFLXtacjUX7MMsxH8XT0D03,y4TOqSFLXtacjUX7MMsxH8XT0D03,,Informasi Event,Lorem ipsum dolor sit amet,Lorem ipsum dolor sit amet,2023-12-19 01:32:49.619,y4TOqSFLXtacjUX7MMsxH8XT0D03,2023-12-19 01:32:49.619,Media Online,true,true,false,informasievent1@gmail.com,"","","85853210789",informasievent,"",
"246e9d59-9948-4160-8fbb-6923b5e5e5a2",JM0ACCkdDldG95EFbDG6r8hTM8q2,JM0ACCkdDldG95EFbDG6r8hTM8q2,,Kita Mahasiswa Indonesia,Lorem ipsum dolor sit amet,Lorem ipsum dolor sit amet,2023-12-19 01:32:49.619,NgNDTSxKEeV4nzODnak4iOGp6pu5,2023-12-19 01:32:49.619,Media Online,true,true,false,kitamahasiswaid@gmail.com,"","","",kitamahasiswa.id,"",
"7a9fca8f-777b-42f9-b8a1-69d5b05cbce0",DF0qe2AVtHbSuI4GSNq5BS5kVi63,DF0qe2AVtHbSuI4GSNq5BS5kVi63,,Zona Kampus,Lorem ipsum dolor sit amet,Lorem ipsum dolor sit amet,2023-12-19 01:32:49.619,DF0qe2AVtHbSuI4GSNq5BS5kVi63,2023-12-19 01:32:49.619,Media Online,true,true,false,fatkurwahyu29@gmail.com,"2Mfa5XQ","","85785066122",zona_kampus.id,"",
"4d611e3c-879b-4348-bb74-29d09f0216b7",y4TOqSFLXtacjUX7MMsxH8XT0D03,y4TOqSFLXtacjUX7MMsxH8XT0D03,,ITB Receh,Lorem ipsum dolor sit amet,Lorem ipsum dolor sit amet,2023-12-19 01:32:49.619,y4TOqSFLXtacjUX7MMsxH8XT0D03,2023-12-19 01:32:49.619,Media Kampus,true,true,false,"","",itbreceh,"85155492626",itb.receh ,itbreceh.carrd.co,
"3da60dd0-0f03-4a36-956b-14b1498ea0c4",JM0ACCkdDldG95EFbDG6r8hTM8q2,JM0ACCkdDldG95EFbDG6r8hTM8q2,,Event Jakarta,Lorem ipsum dolor sit amet,Lorem ipsum dolor sit amet,2023-12-19 01:32:49.619,JM0ACCkdDldG95EFbDG6r8hTM8q2,2023-12-19 01:32:49.619,Media Online,true,true,false,Media Cetak@eventjakarta.com,"",eventjakartacom,"82132294600",eventjakarta,www.eventjakarta.com/,
"1ecaf398-cd68-493a-933e-8bdc8ad76041",OFt6HkGGNcfL1TXYmOxbHr01cxT2,OFt6HkGGNcfL1TXYmOxbHr01cxT2,,Jatinangor Banget,Lorem ipsum dolor sit amet,Lorem ipsum dolor sit amet,2023-12-19 01:32:49.619,OFt6HkGGNcfL1TXYmOxbHr01cxT2,2023-12-19 01:32:49.619,Media Online,true,true,false,jatinangorbanget@gmail.com,"",jatinangorbanget,"85780407911",jatinangorbanget,"",
abb5b10f-9cc2-460c-b40a-a0f417ca7542,JM0ACCkdDldG95EFbDG6r8hTM8q2,JM0ACCkdDldG95EFbDG6r8hTM8q2,,Lomba Indonesia,Lorem ipsum dolor sit amet,Lorem ipsum dolor sit amet,2023-12-19 01:32:49.619,JM0ACCkdDldG95EFbDG6r8hTM8q2,2023-12-19 01:32:49.619,Media Online,true,true,false,"","","","88261640121",infolomba.sch,"",
"002ad707-8006-4c7f-9d98-19e0650cff0d",DF0qe2AVtHbSuI4GSNq5BS5kVi63,DF0qe2AVtHbSuI4GSNq5BS5kVi63,,Seputar.infoid,Lorem ipsum dolor sit amet,Lorem ipsum dolor sit amet,2023-12-19 01:32:49.619,DF0qe2AVtHbSuI4GSNq5BS5kVi63,2023-12-19 01:32:49.619,Media Online,true,true,false,"","","","",seputar.infoid,bit.ly/SKSeputar,
"496246fb-d01a-4aef-b742-5f5d9c40753a",NgNDTSxKEeV4nzODnak4iOGp6pu1,NgNDTSxKEeV4nzODnak4iOGp6pu1,,Event Hunter.id,Lorem ipsum dolor sit amet,Lorem ipsum dolor sit amet,2023-12-19 01:32:49.619,NgNDTSxKEeV4nzODnak4iOGp6pu1,2023-12-19 01:32:49.619,Media Online,true,true,false,eventhunt.id@gmail.com,"","","",eventhunter.id,"",
dc654a3f-4a4a-44a8-8f6b-19519ab5208b,DF0qe2AVtHbSuI4GSNq5BS5kVi63,DF0qe2AVtHbSuI4GSNq5BS5kVi63,,Update Mahasiswa,Lorem ipsum dolor sit amet,Lorem ipsum dolor sit amet,2023-12-19 01:32:49.619,DF0qe2AVtHbSuI4GSNq5BS5kVi63,2023-12-19 01:32:49.619,Media Online,true,true,false,"","","","",update.mahasiswa,msha.ke/update.mahasiswa,
eecd88ea-7a24-4245-a60a-d1ad9a870b52,OFt6HkGGNcfL1TXYmOxbHr01cxT2,OFt6HkGGNcfL1TXYmOxbHr01cxT2,,T-Radio,Lorem ipsum dolor sit amet,Lorem ipsum dolor sit amet,2023-12-19 01:32:49.619,OFt6HkGGNcfL1TXYmOxbHr01cxT2,2023-12-19 01:32:49.619,Radio,true,true,false,telkomradio@gmail.com,"",telkomradio,"82218325335",t_radiotelkom,http://telkomradio.id/,
a8ad0c52-9c67-4ca0-9d25-2d012ebffbdb,gb6V5uGeZSSrGwWlpKS1d6BXv242,gb6V5uGeZSSrGwWlpKS1d6BXv242,,SeputarKampus.com,Lorem ipsum dolor sit amet,Lorem ipsum dolor sit amet,2023-12-19 01:32:49.619,gb6V5uGeZSSrGwWlpKS1d6BXv242,2023-12-19 01:32:49.619,Media Online,true,true,false,Media Onlinet@seputarkampus.com,"",seputarkampus,"",seputarkampus,seputarkampus.com,
"0d46b623-6447-4265-ac8f-ab96b7b772b6",y4TOqSFLXtacjUX7MMsxH8XT0D03,y4TOqSFLXtacjUX7MMsxH8XT0D03,,Infovolunteers,Lorem ipsum dolor sit amet,Lorem ipsum dolor sit amet,2023-12-19 01:32:49.619,y4TOqSFLXtacjUX7MMsxH8XT0D03,2023-12-19 01:32:49.619,Media Online,true,true,false,"","","","",infovolunteers,bit.ly/InfoVolunteers ,
f38a6a80-a2a8-462d-a36e-240234c354c3,NgNDTSxKEeV4nzODnak4iOGp6pu1,NgNDTSxKEeV4nzODnak4iOGp6pu1,,Event Bandung,Lorem ipsum dolor sit amet,Lorem ipsum dolor sit amet,2023-12-19 01:32:49.619,NgNDTSxKEeV4nzODnak4iOGp6pu1,2023-12-19 01:32:49.619,Media Online,true,true,false,Media Cetak@eventbandung.id,"",eventbandung_id,"82140767919",eventbandungid,https://eventbandung.id,
"18a80ac1-3009-4d79-b2e8-f43b7bd1bbc4",OFt6HkGGNcfL1TXYmOxbHr01cxT2,OFt6HkGGNcfL1TXYmOxbHr01cxT2,,Event List ,Lorem ipsum dolor sit amet,Lorem ipsum dolor sit amet,2023-12-19 01:32:49.619,OFt6HkGGNcfL1TXYmOxbHr01cxT2,2023-12-19 01:32:49.619,Media Online,true,true,false,"","","","85163032356",event.list,"",
"166757b0-b566-40a3-a2d5-4a583aab975b",gb6V5uGeZSSrGwWlpKS1d6BXv242,gb6V5uGeZSSrGwWlpKS1d6BXv242,,As Resources Indonesia,Lorem ipsum dolor sit amet,Lorem ipsum dolor sit amet,2023-12-19 01:32:49.619,gb6V5uGeZSSrGwWlpKS1d6BXv242,2023-12-19 01:32:49.619,Media Online,true,true,false,admin@asresourcesindonesia.com,"","","8811687912",asresourcesindonesia,https://asresourcesindonesia.com/,
"7f0981d9-0a1f-4e72-adca-d14c52f513ea",OFt6HkGGNcfL1TXYmOxbHr01cxT2,OFt6HkGGNcfL1TXYmOxbHr01cxT2,,Event Center,Lorem ipsum dolor sit amet,Lorem ipsum dolor sit amet,2023-12-19 01:32:49.619,OFt6HkGGNcfL1TXYmOxbHr01cxT2,2023-12-19 01:32:49.619,Media Online,true,true,false,"","","","81311866849",eventcenter.id,"",
a425ad03-8ab5-4fe8-877a-09c5803b1163,y4TOqSFLXtacjUX7MMsxH8XT0D03,y4TOqSFLXtacjUX7MMsxH8XT0D03,,infokupedia.id,Lorem ipsum dolor sit amet,Lorem ipsum dolor sit amet,2023-12-19 01:32:49.619,y4TOqSFLXtacjUX7MMsxH8XT0D03,2023-12-19 01:32:49.619,Media Online,true,true,false,"","","","85233637394",infokupedia.id,https://drive.google.com/file/d/1HVshVqBa5fLuxOMeHpVS5yfNzTugoY1f/view?usp=sharing,
"4381edca-9f01-43f0-bff6-75ebc1c4a002",DF0qe2AVtHbSuI4GSNq5BS5kVi63,DF0qe2AVtHbSuI4GSNq5BS5kVi63,,Swara Radio 107.9 FM,Lorem ipsum dolor sit amet,Lorem ipsum dolor sit amet,2023-12-19 01:32:49.619,DF0qe2AVtHbSuI4GSNq5BS5kVi63,2023-12-19 01:32:49.619,Radio,true,true,false,swararadio1079@gmail.com,"024qssdx",swararadio,"88218561809",swararadio,linktr.ee/Swararadio,
"3c1d85ae-a503-47c7-a276-37ea299a6b8c",JM0ACCkdDldG95EFbDG6r8hTM8q2,JM0ACCkdDldG95EFbDG6r8hTM8q2,,Event.tik,Lorem ipsum dolor sit amet,Lorem ipsum dolor sit amet,2023-12-19 01:32:49.619,JM0ACCkdDldG95EFbDG6r8hTM8q2,2023-12-19 01:32:49.619,Media Online,true,true,false,"","","","",event.tik,linkin.bio/seminar-up,
"1b451da7-3de7-4084-aed7-c6da26a8781d",y4TOqSFLXtacjUX7MMsxH8XT0D03,y4TOqSFLXtacjUX7MMsxH8XT0D03,,Point Kampus,Lorem ipsum dolor sit amet,Lorem ipsum dolor sit amet,2023-12-19 01:32:49.619,y4TOqSFLXtacjUX7MMsxH8XT0D03,2023-12-19 01:32:49.619,Media Online,true,true,false,"","","","89509278378",pointkampus,"",
"8257b5f3-1f4c-4c2c-82f0-b4230126fa24",gb6V5uGeZSSrGwWlpKS1d6BXv242,gb6V5uGeZSSrGwWlpKS1d6BXv242,,Event network,Lorem ipsum dolor sit amet,Lorem ipsum dolor sit amet,2023-12-19 01:32:49.619,gb6V5uGeZSSrGwWlpKS1d6BXv242,2023-12-19 01:32:49.619,Media Online,true,true,false,"","","","",eventnetwork.id,"",
"0f2b46d8-4419-4010-9ea1-6735bd5a4aec",y4TOqSFLXtacjUX7MMsxH8XT0D03,y4TOqSFLXtacjUX7MMsxH8XT0D03,,Rumah Sarjana,Lorem ipsum dolor sit amet,Lorem ipsum dolor sit amet,2023-12-19 01:32:49.619,y4TOqSFLXtacjUX7MMsxH8XT0D03,2023-12-19 01:32:49.619,Media Online,true,true,false,"","","","85852080449",rumahsarjana.id,"",
ec2fe918-87fa-4421-ba3a-22175335757b,OFt6HkGGNcfL1TXYmOxbHr01cxT2,OFt6HkGGNcfL1TXYmOxbHr01cxT2,,Hearo,Lorem ipsum dolor sit amet,Lorem ipsum dolor sit amet,2023-12-19 01:32:49.619,OFt6HkGGNcfL1TXYmOxbHr01cxT2,2023-12-19 01:32:49.619,Media Online,true,true,false,contact.hearo@gmail.com,"","","85794219054",liveonhearo,hearo.id,
d8224e6b-486f-4955-bc11-c0e1e1e4ea34,NgNDTSxKEeV4nzODnak4iOGp6pu1,NgNDTSxKEeV4nzODnak4iOGp6pu1,,Polban News,Lorem ipsum dolor sit amet,Lorem ipsum dolor sit amet,2023-12-19 01:32:49.619,NgNDTSxKEeV4nzODnak4iOGp6pu1,2023-12-19 01:32:49.619,Media Online,true,true,false,newspolban@gmail.com,peo0488i,"","",polban_news,"",
"5681b279-6cab-4856-8776-c5320fcc5ea4",y4TOqSFLXtacjUX7MMsxH8XT0D03,y4TOqSFLXtacjUX7MMsxH8XT0D03,,RAKA 98.8 FM BANDUNG,Lorem ipsum dolor sit amet,Lorem ipsum dolor sit amet,2023-12-19 01:32:49.619,y4TOqSFLXtacjUX7MMsxH8XT0D03,2023-12-19 01:32:49.619,Radio,true,true,false,rakafm_public@yahoo.co.id,"",RakaFMBandung,"8111497787",rakafmbandung,http://www.rakafm.co.id/CONTACT.php,
"4a5e6ec7-72c0-4801-8374-707ef57f015d",NgNDTSxKEeV4nzODnak4iOGp6pu1,NgNDTSxKEeV4nzODnak4iOGp6pu1,,"106.7 Mara FM",Lorem ipsum dolor sit amet,Lorem ipsum dolor sit amet,2023-12-19 01:32:49.619,NgNDTSxKEeV4nzODnak4iOGp6pu1,2023-12-19 01:32:49.619,Radio,true,true,false,marasosmed@gmail.com,"","","8112335019",marafmbdg,"",
aba07b83-2d78-4a54-8a65-9f3cb649351a,DF0qe2AVtHbSuI4GSNq5BS5kVi63,DF0qe2AVtHbSuI4GSNq5BS5kVi63,,"103,9 FM Hits Unikom Radio",Lorem ipsum dolor sit amet,Lorem ipsum dolor sit amet,2023-12-19 01:32:49.619,DF0qe2AVtHbSuI4GSNq5BS5kVi63,2023-12-19 01:32:49.619,Radio,true,true,false,hitsunikomradio@gmail.com,"",hitsunikomradio,"85162551039",hitsunikomradio,hitsunikomradio.com,
adc68c57-60e1-4223-b809-42ac42bbafa0,gb6V5uGeZSSrGwWlpKS1d6BXv242,gb6V5uGeZSSrGwWlpKS1d6BXv242,,eventcampus.co,Lorem ipsum dolor sit amet,Lorem ipsum dolor sit amet,2023-12-19 01:32:49.619,gb6V5uGeZSSrGwWlpKS1d6BXv242,2023-12-19 01:32:49.619,Media Online,true,true,false,"","","","",eventcampus.co,"",
c502e6bb-b516-479f-9de4-14ae22a91c0c,DF0qe2AVtHbSuI4GSNq5BS5kVi63,DF0qe2AVtHbSuI4GSNq5BS5kVi63,,alleventsid,Lorem ipsum dolor sit amet,Lorem ipsum dolor sit amet,2023-12-19 01:32:49.619,DF0qe2AVtHbSuI4GSNq5BS5kVi63,2023-12-19 01:32:49.619,Media Online,true,true,false,"","","","",alleventsid,"",
"46801cb8-a3cc-4d91-afec-0832602d2e95",OFt6HkGGNcfL1TXYmOxbHr01cxT2,OFt6HkGGNcfL1TXYmOxbHr01cxT2,,Event alerts,Lorem ipsum dolor sit amet,Lorem ipsum dolor sit amet,2023-12-19 01:32:49.619,OFt6HkGGNcfL1TXYmOxbHr01cxT2,2023-12-19 01:32:49.619,Media Online,true,true,false,"","","","85173050110",event.alerts,"",
ec765234-7a35-4adf-b2df-91b9cc9204f1,DF0qe2AVtHbSuI4GSNq5BS5kVi63,DF0qe2AVtHbSuI4GSNq5BS5kVi63,,Ruangan Event,Lorem ipsum dolor sit amet,Lorem ipsum dolor sit amet,2023-12-19 01:32:49.619,DF0qe2AVtHbSuI4GSNq5BS5kVi63,2023-12-19 01:32:49.619,Media Online,true,true,false,"","","","85157790615",ruanganevent,ruanganevent.my.id,
"8ae58016-767c-45a9-a712-979a29bbf9a4",DF0qe2AVtHbSuI4GSNq5BS5kVi63,DF0qe2AVtHbSuI4GSNq5BS5kVi63,,Webinar Kuy,Lorem ipsum dolor sit amet,Lorem ipsum dolor sit amet,2023-12-19 01:32:49.619,DF0qe2AVtHbSuI4GSNq5BS5kVi63,2023-12-19 01:32:49.619,Media Online,true,true,false,"","","","85866243411",webinar.kuy,"",
e78602d4-a8f7-40e8-90cd-3227c916bbb0,NgNDTSxKEeV4nzODnak4iOGp6pu1,NgNDTSxKEeV4nzODnak4iOGp6pu1,,Event Seputar Kuliah,Lorem ipsum dolor sit amet,Lorem ipsum dolor sit amet,2023-12-19 01:32:49.619,NgNDTSxKEeV4nzODnak4iOGp6pu1,2023-12-19 01:32:49.619,Media Online,true,true,false,event.seputarkuliah@gmail.com,"","","",event.seputarkuliah,event.seputarkuliah.com,
"17508ca6-8a2e-4846-8b35-81a1401d1323",y4TOqSFLXtacjUX7MMsxH8XT0D03,y4TOqSFLXtacjUX7MMsxH8XT0D03,,Event.list,Lorem ipsum dolor sit amet,Lorem ipsum dolor sit amet,2023-12-19 01:32:49.619,y4TOqSFLXtacjUX7MMsxH8XT0D03,2023-12-19 01:32:49.619,Media Online,true,true,false,"","","","",event.list,"",
"51a49091-d2f8-460f-9933-c3f94e7aa27e",gb6V5uGeZSSrGwWlpKS1d6BXv242,gb6V5uGeZSSrGwWlpKS1d6BXv242,,Eventkampuscom,Lorem ipsum dolor sit amet,Lorem ipsum dolor sit amet,2023-12-19 01:32:49.619,gb6V5uGeZSSrGwWlpKS1d6BXv242,2023-12-19 01:32:49.619,Media Online,true,true,false,info@eventkampus.com,"","","85161138687",ventkampuscom,eventkampus.com/pages/media-partner,
"2aa11fa7-b201-42cb-943e-a412fe619cd4",OFt6HkGGNcfL1TXYmOxbHr01cxT2,OFt6HkGGNcfL1TXYmOxbHr01cxT2,,Lomba Update,Lorem ipsum dolor sit amet,Lorem ipsum dolor sit amet,2023-12-19 01:32:49.619,OFt6HkGGNcfL1TXYmOxbHr01cxT2,2023-12-19 01:32:49.619,Media Online,true,true,false,lombaupdate21@gmail.com,"","","85330705373",lomba_update,"",
"5da3b8dd-4c33-4a73-a564-625eefba1027",JM0ACCkdDldG95EFbDG6r8hTM8q2,JM0ACCkdDldG95EFbDG6r8hTM8q2,,Info Event Mahasiswa Indonesia,Lorem ipsum dolor sit amet,Lorem ipsum dolor sit amet,2023-12-19 01:32:49.619,JM0ACCkdDldG95EFbDG6r8hTM8q2,2023-12-19 01:32:49.619,Media Online,true,true,false,infomahasiswaindo@gmail.com,"","","82140593360",infomahasiswaindonesia,"",
"745c03c3-d49a-4c0a-a32c-986479a3e15a",DF0qe2AVtHbSuI4GSNq5BS5kVi63,DF0qe2AVtHbSuI4GSNq5BS5kVi63,,Info Event Kampus,Lorem ipsum dolor sit amet,Lorem ipsum dolor sit amet,2023-12-19 01:32:49.619,DF0qe2AVtHbSuI4GSNq5BS5kVi63,2023-12-19 01:32:49.619,Media Online,true,true,false,"","","","81212399465",infokampusku.id,https://bit.ly/infokampuskukolaborasi,
"278f7128-56d4-4325-baa5-de68a956b3fc",OFt6HkGGNcfL1TXYmOxbHr01cxT2,OFt6HkGGNcfL1TXYmOxbHr01cxT2,,Point Kampus,Lorem ipsum dolor sit amet,Lorem ipsum dolor sit amet,2023-12-19 01:32:49.619,OFt6HkGGNcfL1TXYmOxbHr01cxT2,2023-12-19 01:32:49.619,Media Online,true,true,false,kampuspoint@gmail.com,"","","89509278378",pointkampus,"",
"65b38dc8-09f4-4ecc-a016-330b2ad1a573",DF0qe2AVtHbSuI4GSNq5BS5kVi63,DF0qe2AVtHbSuI4GSNq5BS5kVi63,,Events Ina,Lorem ipsum dolor sit amet,Lorem ipsum dolor sit amet,2023-12-19 01:32:49.619,DF0qe2AVtHbSuI4GSNq5BS5kVi63,2023-12-19 01:32:49.619,Media Online,true,true,false,"","","","",events.ina,"",
"22f9ac88-e04a-4780-bbaa-daf329a22df1",NgNDTSxKEeV4nzODnak4iOGp6pu1,NgNDTSxKEeV4nzODnak4iOGp6pu1,,eventcampus.co,Lorem ipsum dolor sit amet,Lorem ipsum dolor sit amet,2023-12-19 01:32:49.619,NgNDTSxKEeV4nzODnak4iOGp6pu1,2023-12-19 01:32:49.619,Media Online,true,true,false,"","","","",eventcampus.co,"",
"9f372777-d731-4eba-9c09-83737eeabfcf",y4TOqSFLXtacjUX7MMsxH8XT0D03,y4TOqSFLXtacjUX7MMsxH8XT0D03,,Info Lomba dan Event Terupdate,Lorem ipsum dolor sit amet,Lorem ipsum dolor sit amet,2023-12-19 01:32:49.619,y4TOqSFLXtacjUX7MMsxH8XT0D03,2023-12-19 01:32:49.619,Media Online,true,true,false,"","","","83840525469",informasi_event,"",
"130a082c-3fdf-48e1-9393-049fbeb9f440",JM0ACCkdDldG95EFbDG6r8hTM8q2,JM0ACCkdDldG95EFbDG6r8hTM8q2,,seminar.ind,Lorem ipsum dolor sit amet,Lorem ipsum dolor sit amet,2023-12-19 01:32:49.619,JM0ACCkdDldG95EFbDG6r8hTM8q2,2023-12-19 01:32:49.619,Media Online,true,true,false,"","","","",seminar.ind,"",
"7566c8e3-d796-499f-83f5-0530fa6d5ac0",JM0ACCkdDldG95EFbDG6r8hTM8q2,JM0ACCkdDldG95EFbDG6r8hTM8q2,,Event Mahasiswa 3,Lorem ipsum dolor sit amet,Lorem ipsum dolor sit amet,2023-12-19 01:32:49.619,JM0ACCkdDldG95EFbDG6r8hTM8q2,2023-12-19 01:32:49.619,Media Online,true,true,false,"","","","",eventmahasiswa3,"",
"58732071-98e2-44e7-83dd-8d376559ed1c",JM0ACCkdDldG95EFbDG6r8hTM8q2,JM0ACCkdDldG95EFbDG6r8hTM8q2,,Event Campus,Lorem ipsum dolor sit amet,Lorem ipsum dolor sit amet,2023-12-19 01:32:49.619,JM0ACCkdDldG95EFbDG6r8hTM8q2,2023-12-19 01:32:49.619,Media Online,true,true,false,"","","","85161441197",eventcampus,"",
"82ee2dd4-401c-4712-bbed-26712d9ed2df",JM0ACCkdDldG95EFbDG6r8hTM8q2,JM0ACCkdDldG95EFbDG6r8hTM8q2,,seminarinfo.id,Lorem ipsum dolor sit amet,Lorem ipsum dolor sit amet,2023-12-19 01:32:49.619,JM0ACCkdDldG95EFbDG6r8hTM8q2,2023-12-19 01:32:49.619,Media Online,true,true,false,"","","","",seminarinfo.id,"",
"25d783dd-865b-4b28-8a18-06c6bcedf9b2",y4TOqSFLXtacjUX7MMsxH8XT0D03,y4TOqSFLXtacjUX7MMsxH8XT0D03,,Acara Bandung,Lorem ipsum dolor sit amet,Lorem ipsum dolor sit amet,2023-12-19 01:32:49.619,y4TOqSFLXtacjUX7MMsxH8XT0D03,2023-12-19 01:32:49.619,Media Online,true,true,false,acrbandung@gmail.com,"","","",acrbandung,"",
"97d500c0-8b12-45cf-9c9f-21b8b98a52cf",NgNDTSxKEeV4nzODnak4iOGp6pu1,NgNDTSxKEeV4nzODnak4iOGp6pu1,,Info Lomba dan Event Terupdate,Lorem ipsum dolor sit amet,Lorem ipsum dolor sit amet,2023-12-19 01:32:49.619,NgNDTSxKEeV4nzODnak4iOGp6pu1,2023-12-19 01:32:49.619,Media Online,true,true,false,"","","","83840525469",informasi_event,"",
"9653308c-34e5-4844-9a79-a8288712f11d",NgNDTSxKEeV4nzODnak4iOGp6pu1,NgNDTSxKEeV4nzODnak4iOGp6pu1,,Event Bandung,Lorem ipsum dolor sit amet,Lorem ipsum dolor sit amet,2023-12-19 01:32:49.619,NgNDTSxKEeV4nzODnak4iOGp6pu1,2023-12-19 01:32:49.619,Media Online,true,true,false,redaksi@eventbandung.id,"","","0812 8877 9856",eventbandungid,www.eventbandung.id/,
e618cd3f-60e1-463a-b37f-b64511b294bf,OFt6HkGGNcfL1TXYmOxbHr01cxT2,OFt6HkGGNcfL1TXYmOxbHr01cxT2,,infolomba_event,Lorem ipsum dolor sit amet,Lorem ipsum dolor sit amet,2023-12-19 01:32:49.619,OFt6HkGGNcfL1TXYmOxbHr01cxT2,2023-12-19 01:32:49.619,Media Online,true,true,false,"","","","88233823858",infolomba_event,"",
"6c82cf36-f1db-4d06-b6cf-5182cae0053d",y4TOqSFLXtacjUX7MMsxH8XT0D03,y4TOqSFLXtacjUX7MMsxH8XT0D03,,Media Event,Lorem ipsum dolor sit amet,Lorem ipsum dolor sit amet,2023-12-19 01:32:49.619,y4TOqSFLXtacjUX7MMsxH8XT0D03,2023-12-19 01:32:49.619,Media Online,true,true,false,media_event@yahoo.com,vkx4832t,"","83119577738",mediaevent_,"",
bf5f1551-e9be-4640-b092-00fce1227d24,OFt6HkGGNcfL1TXYmOxbHr01cxT2,OFt6HkGGNcfL1TXYmOxbHr01cxT2,,Info Event,Lorem ipsum dolor sit amet,Lorem ipsum dolor sit amet,2023-12-19 01:32:49.619,OFt6HkGGNcfL1TXYmOxbHr01cxT2,2023-12-19 01:32:49.619,Media Online,true,true,false,infoeventofficial1@gmail.com,"","","83832636642",info.event_,"",
"34fca9c7-7ab3-4e37-9b2f-b451466f8fff",y4TOqSFLXtacjUX7MMsxH8XT0D03,y4TOqSFLXtacjUX7MMsxH8XT0D03,,Event Center,Lorem ipsum dolor sit amet,Lorem ipsum dolor sit amet,2023-12-19 01:32:49.619,y4TOqSFLXtacjUX7MMsxH8XT0D03,2023-12-19 01:32:49.619,Media Online,true,true,false,"","","","81311866849",eventcenter.id,"",
"140cc6c3-f66f-45f3-b920-2b2a16b966ac",OFt6HkGGNcfL1TXYmOxbHr01cxT2,OFt6HkGGNcfL1TXYmOxbHr01cxT2,,Olimpiade Update,Lorem ipsum dolor sit amet,Lorem ipsum dolor sit amet,2023-12-19 01:32:49.619,OFt6HkGGNcfL1TXYmOxbHr01cxT2,2023-12-19 01:32:49.619,Media Online,true,true,false,olimpiadeupdate@gmail.com,hmr2866y,"","81775430077",olimpiade_update,https://biolinky.co/olimpiadeupdate,
"6967940d-7b4b-44f1-a7ce-899029e503cf",NgNDTSxKEeV4nzODnak4iOGp6pu1,NgNDTSxKEeV4nzODnak4iOGp6pu1,,Soal Event,Lorem ipsum dolor sit amet,Lorem ipsum dolor sit amet,2023-12-19 01:32:49.619,NgNDTSxKEeV4nzODnak4iOGp6pu1,2023-12-19 01:32:49.619,Media Online,true,true,false,"","","","81249976945",soalevent,bit.ly/MediapartnershipSE,
"90edde71-823c-40af-a503-63ecb7a36095",y4TOqSFLXtacjUX7MMsxH8XT0D03,y4TOqSFLXtacjUX7MMsxH8XT0D03,,Mading Event,Lorem ipsum dolor sit amet,Lorem ipsum dolor sit amet,2023-12-19 01:32:49.619,y4TOqSFLXtacjUX7MMsxH8XT0D03,2023-12-19 01:32:49.619,Media Online,true,true,false,"","","","",madingevent.id,"",
"1874fee1-9367-4c7f-9476-ff48892d80e9",OFt6HkGGNcfL1TXYmOxbHr01cxT2,OFt6HkGGNcfL1TXYmOxbHr01cxT2,,Info webinar id,Lorem ipsum dolor sit amet,Lorem ipsum dolor sit amet,2023-12-19 01:32:49.619,OFt6HkGGNcfL1TXYmOxbHr01cxT2,2023-12-19 01:32:49.619,Media Online,true,true,false,"","","","",info.webinarid,"",
"383fd193-41de-4612-9e92-eaf299508dc3",y4TOqSFLXtacjUX7MMsxH8XT0D03,y4TOqSFLXtacjUX7MMsxH8XT0D03,,eventnasional.idn,Lorem ipsum dolor sit amet,Lorem ipsum dolor sit amet,2023-12-19 01:32:49.619,y4TOqSFLXtacjUX7MMsxH8XT0D03,2023-12-19 01:32:49.619,Media Online,true,true,false,"","","","",eventnasional.idn,"",
b314fec8-8f8d-4eba-9fc1-2f7d917af659,JM0ACCkdDldG95EFbDG6r8hTM8q2,JM0ACCkdDldG95EFbDG6r8hTM8q2,,Info Lomba & Event Indonesia (infolombaplus),Lorem ipsum dolor sit amet,Lorem ipsum dolor sit amet,2023-12-19 01:32:49.619,JM0ACCkdDldG95EFbDG6r8hTM8q2,2023-12-19 01:32:49.619,Media Online,true,true,false,"","","","8176888511",infolombaplus,"",
dd5af211-772a-45f8-9513-0bde62139c64,y4TOqSFLXtacjUX7MMsxH8XT0D03,y4TOqSFLXtacjUX7MMsxH8XT0D03,,Berita Lomba,Lorem ipsum dolor sit amet,Lorem ipsum dolor sit amet,2023-12-19 01:32:49.619,y4TOqSFLXtacjUX7MMsxH8XT0D03,2023-12-19 01:32:49.619,Media Online,true,true,false,"","","","85725279290",beritalomba,"",
"267e04f0-1026-43fa-9b20-a96cb204b41f",y4TOqSFLXtacjUX7MMsxH8XT0D03,y4TOqSFLXtacjUX7MMsxH8XT0D03,,Berita Satu,Lorem ipsum dolor sit amet,Lorem ipsum dolor sit amet,2023-12-19 01:32:49.619,y4TOqSFLXtacjUX7MMsxH8XT0D03,2023-12-19 01:32:49.619,Media Cetak,true,true,false,"","","","","","",
"3faca3c5-ac07-48d1-9571-d4475ca5dd94",y4TOqSFLXtacjUX7MMsxH8XT0D03,y4TOqSFLXtacjUX7MMsxH8XT0D03,,Info Lomba,Lorem ipsum dolor sit amet,Lorem ipsum dolor sit amet,2023-12-19 01:32:49.619,y4TOqSFLXtacjUX7MMsxH8XT0D03,2023-12-19 01:32:49.619,Media Online,true,true,false,"","","","88227795406",infolomba,"",
"2064dbd2-c8d6-4310-a020-15745e68415f",OFt6HkGGNcfL1TXYmOxbHr01cxT2,OFt6HkGGNcfL1TXYmOxbHr01cxT2,,Info Lomba,Lorem ipsum dolor sit amet,Lorem ipsum dolor sit amet,2023-12-19 01:32:49.619,OFt6HkGGNcfL1TXYmOxbHr01cxT2,2023-12-19 01:32:49.619,Media Online,true,true,false,"","","","88227795406",infolomba,"",
"43eccdb4-e68b-40e5-a7d6-6a93be2539c2",gb6V5uGeZSSrGwWlpKS1d6BXv242,gb6V5uGeZSSrGwWlpKS1d6BXv242,,YOT Bandung,Lorem ipsum dolor sit amet,Lorem ipsum dolor sit amet,2023-12-19 01:32:49.619,gb6V5uGeZSSrGwWlpKS1d6BXv242,2023-12-19 01:32:49.619,Media Online,true,true,false,"","","","85870826854",yotbdg,"",
"8eae6cfc-cc42-4bc8-bfed-26610bde804f",NgNDTSxKEeV4nzODnak4iOGp6pu1,NgNDTSxKEeV4nzODnak4iOGp6pu1,,Event Journal,Lorem ipsum dolor sit amet,Lorem ipsum dolor sit amet,2023-12-19 01:32:49.619,NgNDTSxKEeV4nzODnak4iOGp6pu1,2023-12-19 01:32:49.619,Media Online,true,true,false,official.eventjournal@gmail.com,"","","8994452222",eventjournal.id,linktr.ee/Eventjournal,
"88e8cf20-1695-43e0-81f2-26e57c9f8494",y4TOqSFLXtacjUX7MMsxH8XT0D03,y4TOqSFLXtacjUX7MMsxH8XT0D03,,BDG Today,Lorem ipsum dolor sit amet,Lorem ipsum dolor sit amet,2023-12-19 01:32:49.619,y4TOqSFLXtacjUX7MMsxH8XT0D03,2023-12-19 01:32:49.619,Media Online,true,true,false,info@bdgtoday.com,jyr4031k,"","82128600979",bdgtoday,http://bdgtoday.com/medpart/,
"4fd1d7aa-dc97-4809-9924-08f209bc814f",gb6V5uGeZSSrGwWlpKS1d6BXv242,gb6V5uGeZSSrGwWlpKS1d6BXv242,,Pasundan Radio,Lorem ipsum dolor sit amet,Lorem ipsum dolor sit amet,2023-12-19 01:32:49.619,gb6V5uGeZSSrGwWlpKS1d6BXv242,2023-12-19 01:32:49.619,Media Online,true,true,false,pasundan.radio@yahoo.com,ansrzky_,"","83820961272",pasundan.radio,"",
"38bf055a-c36d-477f-a88f-32da527c1953",OFt6HkGGNcfL1TXYmOxbHr01cxT2,OFt6HkGGNcfL1TXYmOxbHr01cxT2,,Event Jakarta,Lorem ipsum dolor sit amet,Lorem ipsum dolor sit amet,2023-12-19 01:32:49.619,OFt6HkGGNcfL1TXYmOxbHr01cxT2,2023-12-19 01:32:49.619,Media Online,true,true,false,redaksi@eventjakarta.com,"","","82132294600",eventjakarta,www.eventjakarta.com,
b427807c-d47e-4e68-8d6a-c1a76c455ac6,y4TOqSFLXtacjUX7MMsxH8XT0D03,y4TOqSFLXtacjUX7MMsxH8XT0D03,,Teman Acara,Lorem ipsum dolor sit amet,Lorem ipsum dolor sit amet,2023-12-19 01:32:49.619,y4TOqSFLXtacjUX7MMsxH8XT0D03,2023-12-19 01:32:49.619,Media Online,true,true,false,event@temanacara.com,"","","85781435458",temanacara_id,www.temanacara.com,
eefbe51a-27cb-436c-a911-91d9fca0125c,JM0ACCkdDldG95EFbDG6r8hTM8q2,JM0ACCkdDldG95EFbDG6r8hTM8q2,,ITB Receh,Lorem ipsum dolor sit amet,Lorem ipsum dolor sit amet,2023-12-19 01:32:49.619,JM0ACCkdDldG95EFbDG6r8hTM8q2,2023-12-19 01:32:49.619,Media Online,true,true,false,itbreceh@gmail.com,vui6831z,"","",itb.receh,"",
"019d55d5-6f29-438e-860b-e5eb2bc905e9",JM0ACCkdDldG95EFbDG6r8hTM8q2,JM0ACCkdDldG95EFbDG6r8hTM8q2,,LFM ITB,Lorem ipsum dolor sit amet,Lorem ipsum dolor sit amet,2023-12-19 01:32:49.619,JM0ACCkdDldG95EFbDG6r8hTM8q2,2023-12-19 01:32:49.619,Media Online,true,true,false,humaslfmitb@gmail.com,"","","81295656427",lfmitb,https://linkin.bio/lfmitb,
"61880303-97cc-4b45-9a81-3072c2861394",NgNDTSxKEeV4nzODnak4iOGp6pu1,NgNDTSxKEeV4nzODnak4iOGp6pu1,,Blog Mahasiswa,Lorem ipsum dolor sit amet,Lorem ipsum dolor sit amet,2023-12-19 01:32:49.619,NgNDTSxKEeV4nzODnak4iOGp6pu1,2023-12-19 01:32:49.619,Media Online,true,true,false,halo@blogmahasiswa.com,"","","8819756022",blogmahasiswa.indo,blogmahasiswa.com,
"250c6448-285f-4bf6-8ff3-abd2283e8fc5",y4TOqSFLXtacjUX7MMsxH8XT0D03,y4TOqSFLXtacjUX7MMsxH8XT0D03,,Kawan Kampus,Lorem ipsum dolor sit amet,Lorem ipsum dolor sit amet,2023-12-19 01:32:49.619,y4TOqSFLXtacjUX7MMsxH8XT0D03,2023-12-19 01:32:49.619,Media Online,true,true,false,kawankampusku@gmail.com,nui2930w,"","87775730031",kawankampus,https://line.me/R/ti/p/@nui2930w,
"63c17ad9-0743-44df-9114-8b2b9b10e504",DF0qe2AVtHbSuI4GSNq5BS5kVi63,DF0qe2AVtHbSuI4GSNq5BS5kVi63,,BDG.INFO,Lorem ipsum dolor sit amet,Lorem ipsum dolor sit amet,2023-12-19 01:32:49.619,DF0qe2AVtHbSuI4GSNq5BS5kVi63,2023-12-19 01:32:49.619,Media Online,true,true,false,bdgarea1@gmail.com,"","","85718718596",bdg.info,"",
fab386a6-be2d-4a4b-ab96-ed39206594c6,gb6V5uGeZSSrGwWlpKS1d6BXv242,gb6V5uGeZSSrGwWlpKS1d6BXv242,,Event Mahasiswa 8,Lorem ipsum dolor sit amet,Lorem ipsum dolor sit amet,2023-12-19 01:32:49.619,gb6V5uGeZSSrGwWlpKS1d6BXv242,2023-12-19 01:32:49.619,Media Online,true,true,false,eventmahasiswa8@gmail.com,jks2528u,"","8.958E+11",eventmahasiswa8,"",
"4f22a7c9-36c6-40d3-bd1e-348535b3e038",NgNDTSxKEeV4nzODnak4iOGp6pu1,NgNDTSxKEeV4nzODnak4iOGp6pu1,,Event Finder,Lorem ipsum dolor sit amet,Lorem ipsum dolor sit amet,2023-12-19 01:32:49.619,NgNDTSxKEeV4nzODnak4iOGp6pu1,2023-12-19 01:32:49.619,Media Online,true,true,false,eventfinderjkt@gmail.com,grw9095h,"","81324067529",eventfinderid,"",
"69abb20a-6703-4cb0-b4b6-7b19fbd6b0ed",NgNDTSxKEeV4nzODnak4iOGp6pu1,NgNDTSxKEeV4nzODnak4iOGp6pu1,,Event Apa Aja,Lorem ipsum dolor sit amet,Lorem ipsum dolor sit amet,2023-12-19 01:32:49.619,NgNDTSxKEeV4nzODnak4iOGp6pu1,2023-12-19 01:32:49.619,Media Online,true,true,false,eventapaaja@gmail.com,"","","83878724611",eventapaaja,https://eventapaaja.com/id/kerja-sama/,
"2fd26481-3e5a-4664-ac27-8cca57d01825",DF0qe2AVtHbSuI4GSNq5BS5kVi63,DF0qe2AVtHbSuI4GSNq5BS5kVi63,,Pray Event,Lorem ipsum dolor sit amet,Lorem ipsum dolor sit amet,2023-12-19 01:32:49.619,DF0qe2AVtHbSuI4GSNq5BS5kVi63,2023-12-19 01:32:49.619,Media Online,true,true,false,eventpray@gmail.com,"","","8.95338E+11",prayevent,https://prayevent.blogspot.com/,
"92cf6b3d-75d6-4270-b5d0-3018d5742a25",JM0ACCkdDldG95EFbDG6r8hTM8q2,JM0ACCkdDldG95EFbDG6r8hTM8q2,,Bandung OKE TV,Lorem ipsum dolor sit amet,Lorem ipsum dolor sit amet,2023-12-19 01:32:49.619,JM0ACCkdDldG95EFbDG6r8hTM8q2,2023-12-19 01:32:49.619,Media Cetak,true,true,false,"","","","8.95331E+11",bandungoketv,www.bandungoketv.com,
c7045649-76ec-48fa-a8dd-296f3410a3e2,JM0ACCkdDldG95EFbDG6r8hTM8q2,JM0ACCkdDldG95EFbDG6r8hTM8q2,,Metro TV,Lorem ipsum dolor sit amet,Lorem ipsum dolor sit amet,2023-12-19 01:32:49.619,JM0ACCkdDldG95EFbDG6r8hTM8q2,2023-12-19 01:32:49.619,Media Cetak,true,true,false,elvira.alvionita@metrotvnews.com,"","","2158300077","","",
"69af40ba-cab5-4ffd-90a2-4e9c875c4f99",NgNDTSxKEeV4nzODnak4iOGp6pu1,NgNDTSxKEeV4nzODnak4iOGp6pu1,,Jabar News,Lorem ipsum dolor sit amet,Lorem ipsum dolor sit amet,2023-12-19 01:32:49.619,NgNDTSxKEeV4nzODnak4iOGp6pu1,2023-12-19 01:32:49.619,Media Cetak,true,true,false,redaksi@jabarnews.com,"","","8161614141",jabarnewscom,"",
b3d12eae-6956-4900-a694-0b230a011e96,NgNDTSxKEeV4nzODnak4iOGp6pu1,NgNDTSxKEeV4nzODnak4iOGp6pu1,,Share Event,Lorem ipsum dolor sit amet,Lorem ipsum dolor sit amet,2023-12-19 01:32:49.619,NgNDTSxKEeV4nzODnak4iOGp6pu1,2023-12-19 01:32:49.619,Media Online,true,true,false,share.event2016@gmail.com,"","","89632800464",share_event,"",
"4b9af191-82cc-4eac-9c32-304e25cc04be",OFt6HkGGNcfL1TXYmOxbHr01cxT2,OFt6HkGGNcfL1TXYmOxbHr01cxT2,,AyoBandung.com,Lorem ipsum dolor sit amet,Lorem ipsum dolor sit amet,2023-12-19 01:32:49.619,NgNDTSxKEeV4nzODnak4iOGp6pu2,2023-12-19 01:32:49.619,Media Cetak,true,true,false,marketing@ayobandung.com,"","","81322296855",ayobandung.com,https://ayobandung.com/media-partner,
ea084f29-cd00-4021-a3f9-51bc903c6ab2,y4TOqSFLXtacjUX7MMsxH8XT0D03,y4TOqSFLXtacjUX7MMsxH8XT0D03,,Republika,Lorem ipsum dolor sit amet,Lorem ipsum dolor sit amet,2023-12-19 01:32:49.619,NgNDTSxKEeV4nzODnak4iOGp6pu3,2023-12-19 01:32:49.619,Media Cetak,true,true,false,jabar@republika.co.id,"","","85720136293","","",
"5d6d09ad-a731-4423-b999-2f6d677bc39c",JM0ACCkdDldG95EFbDG6r8hTM8q2,JM0ACCkdDldG95EFbDG6r8hTM8q2,,"8EH Radio ITB",Lorem ipsum dolor sit amet,Lorem ipsum dolor sit amet,2023-12-19 01:32:49.619,NgNDTSxKEeV4nzODnak4iOGp6pu4,2023-12-19 01:32:49.619,Media Kampus,true,true,false,marketing8ehradioitb@gmail.com,"","","","8ehradioitb",linktr.ee/8ehradioitb,
"4d6d6963-ac08-40c7-a53c-4412f31337b8",NgNDTSxKEeV4nzODnak4iOGp6pu1,NgNDTSxKEeV4nzODnak4iOGp6pu1,,Inilah.com,Lorem ipsum dolor sit amet,Lorem ipsum dolor sit amet,2023-12-19 01:32:49.619,NgNDTSxKEeV4nzODnak4iOGp6pu6,2023-12-19 01:32:49.619,Media Cetak,true,true,false,redaksi@inilah.com,"","","","","",
c615506f-56b6-473d-a400-c08d9773873b,NgNDTSxKEeV4nzODnak4iOGp6pu1,NgNDTSxKEeV4nzODnak4iOGp6pu1,,Radio Kampus ITB,Lorem ipsum dolor sit amet,Lorem ipsum dolor sit amet,2023-12-19 01:32:49.619,NgNDTSxKEeV4nzODnak4iOGp6pu7,2023-12-19 01:32:49.619,Media Kampus,true,true,false,medpart.rkitb@gmail.com,"","","",radiokampusitb,"",
